{"1": 0.006999492645263672, "2": 0.05000138282775879, "3": 1.0204858779907227, "4": 27.620105743408203, "5": 678.3146066665649}