{"2": 0.002831, "3": 0.008283, "4": 0.016197, "5": 0.026929, "6": 0.040509, "7": 0.056219, "8": 0.073993, "9": 0.095038, "10": 0.117242, "11": 0.141685, "12": 0.167531, "13": 0.194909, "14": 0.224295, "15": 0.253458, "16": 0.28371, "17": 0.315571, "18": 0.346434, "19": 0.379152, "20": 0.412048, "21": 0.443985, "22": 0.475658, "23": 0.508218, "24": 0.539852, "25": 0.568957, "26": 0.598142, "27": 0.627108, "28": 0.654207, "29": 0.681244, "30": 0.706946, "31": 0.731302, "32": 0.754591, "33": 0.775936, "34": 0.7964, "35": 0.814758, "36": 0.832832, "37": 0.849664, "38": 0.864953, "39": 0.878049, "40": 0.891836, "41": 0.90329, "42": 0.914539, "43": 0.924066, "44": 0.932914, "45": 0.940942, "46": 0.948418, "47": 0.95531, "48": 0.960725, "49": 0.965983, "50": 0.970463}